{
    "Modules": {
        "...MASTER...": {
            "nMops": 0,
            "start_perf": [
                0.17776989936828613,
                0.044262999999999997,
                0.016469999999999999,
                267408,
                279680,
                1626747713.590631,
                6716495005100881
            ],
            "nRouts": 5,
            "child_modules": {
                "std": 1,
                "tb": 1
            },
            "end_perf": [
                0.18169188499450684,
                0.045155000000000001,
                0.017446,
                268876,
                279680,
                6716495021595701,
                0,
                0
            ],
            "nQuads": 0
        },
        "std": {
            "start_perf": [
                0.18176078796386719,
                0.045205000000000002,
                0.017465000000000001,
                268876,
                279680,
                1626747713.5946219,
                6716495021865275
            ],
            "nMops": 462,
            "Compiled Times": 91,
            "nRouts": 33,
            "child_modules": {},
            "svclass": [
                "$vcs_nba_dyn_obj",
                0,
                37,
                2,
                2,
                0,
                "sigprop$$",
                0,
                37,
                2,
                2,
                0,
                "process",
                0,
                184,
                8,
                8,
                0,
                "event",
                0,
                36,
                2,
                2,
                0,
                "mailbox",
                0,
                99,
                9,
                9,
                0,
                "semaphore",
                0,
                69,
                5,
                5,
                0
            ],
            "Compiled": "Yes",
            "end_perf": [
                0.18366098403930664,
                0.046119,
                0.018447000000000002,
                268876,
                279680,
                6716495029863502,
                8589934594,
                0
            ],
            "nQuads": 213
        },
        "tb": {
            "nMops": 727,
            "Compiled Times": 91,
            "start_perf": [
                0.18369793891906738,
                0.046144999999999999,
                0.018457999999999999,
                268876,
                279680,
                1626747713.596559,
                6716495029993030
            ],
            "nRouts": 45,
            "child_modules": {},
            "Compiled": "Yes",
            "end_perf": [
                0.18913483619689941,
                0.049738999999999998,
                0.020301,
                271940,
                279680,
                6716495052867461,
                12884901889,
                0
            ],
            "nQuads": 339
        }
    },
    "stat": {
        "peak_mem_kb": 279680,
        "ru_childs_end": {
            "ru_nivcsw": 8,
            "ru_minflt": 6906,
            "ru_stime_sec": 0.0069909999999999998,
            "ru_utime_sec": 0.013609,
            "ru_maxrss_kb": 23996,
            "ru_majflt": 0,
            "ru_nvcsw": 18
        },
        "ru_self_end": {
            "ru_nivcsw": 5,
            "ru_minflt": 25778,
            "ru_stime_sec": 0.021363,
            "ru_utime_sec": 0.050863999999999999,
            "ru_maxrss_kb": 77144,
            "ru_majflt": 0,
            "ru_nvcsw": 41
        },
        "cpu_cycles_end": 6716495061946392
    },
    "CompUnits": {
        "g7hgQ_d": {
            "text": 6016,
            "bytes": 22456,
            "mod": "tb",
            "mode": 4,
            "out": "g7hgQ_d.o",
            "checksum": 0,
            "archive": "archive.90/_3234_archive_1.a"
        }
    },
    "reusePaths": {
        "reYIK_d": {
            "icPath": "csrc"
        },
        "amcQw_d": {
            "icPath": "csrc"
        }
    },
    "ObjArchives": [
        {
            "archive": "archive.90/_3234_archive_1.a",
            "objects": [
                [
                    "g7hgQ_d.o",
                    22456
                ],
                [
                    "amcQwB.o",
                    66976
                ]
            ],
            "size": 89432
        }
    ]
}