{
    "Modules": {
        "...MASTER...": {
            "nQuads": 0,
            "start_perf": [
                0.25351500511169434,
                0.111331,
                0.029796,
                280592,
                282168,
                1626745963.448807,
                6709144334042900
            ],
            "child_modules": {
                "RS_dec_tb": 1,
                "std": 1
            },
            "nMops": 0,
            "end_perf": [
                0.25755000114440918,
                0.112498,
                0.030591,
                280604,
                282168,
                6709144351014380,
                0,
                0
            ],
            "nRouts": 5
        },
        "GF_mult_add_syndromes": {
            "nQuads": 819,
            "start_perf": [
                0.31810903549194336,
                0.16589599999999999,
                0.037747999999999997,
                282560,
                282564,
                1626745963.513401,
                6709144605335099
            ],
            "child_modules": {
                "GF_matrix_dec": 1
            },
            "Compiled": "Yes",
            "nMops": 2531,
            "end_perf": [
                0.32105803489685059,
                0.16884099999999999,
                0.037747999999999997,
                282560,
                282564,
                6709144617748233,
                64424509441,
                0
            ],
            "Compiled Times": 29,
            "nRouts": 66
        },
        "std": {
            "start_perf": [
                0.25763201713562012,
                0.112562,
                0.030609000000000001,
                280604,
                282168,
                1626745963.452924,
                6709144351332081
            ],
            "nQuads": 213,
            "child_modules": {},
            "Compiled": "Yes",
            "Compiled Times": 29,
            "nMops": 462,
            "end_perf": [
                0.25945711135864258,
                0.113217,
                0.031780000000000003,
                280608,
                282168,
                6709144359029325,
                8589934594,
                0
            ],
            "svclass": [
                "$vcs_nba_dyn_obj",
                0,
                37,
                2,
                2,
                0,
                "sigprop$$",
                0,
                37,
                2,
                2,
                0,
                "process",
                0,
                184,
                8,
                8,
                0,
                "event",
                0,
                36,
                2,
                2,
                0,
                "mailbox",
                0,
                99,
                9,
                9,
                0,
                "semaphore",
                0,
                69,
                5,
                5,
                0
            ],
            "nRouts": 33
        },
        "GF_matrix_dec": {
            "nQuads": 1343,
            "start_perf": [
                0.29772710800170898,
                0.14760000000000001,
                0.035660999999999998,
                280608,
                282168,
                1626745963.4930191,
                6709144519731721
            ],
            "child_modules": {},
            "Compiled": "Yes",
            "nMops": 3986,
            "end_perf": [
                0.30166506767272949,
                0.15153800000000001,
                0.035660999999999998,
                280608,
                282168,
                6709144536293091,
                25769803777,
                0
            ],
            "Compiled Times": 29,
            "nRouts": 16
        },
        "out_stage": {
            "nQuads": 272,
            "start_perf": [
                0.31385993957519531,
                0.162665,
                0.036729999999999999,
                280608,
                282168,
                1626745963.5091519,
                6709144587486416
            ],
            "child_modules": {},
            "Compiled": "Yes",
            "nMops": 623,
            "end_perf": [
                0.31807708740234375,
                0.16586999999999999,
                0.037741999999999998,
                282560,
                282564,
                6709144605228142,
                51539607553,
                0
            ],
            "Compiled Times": 29,
            "nRouts": 34
        },
        "transport_in2out": {
            "nQuads": 177,
            "start_perf": [
                0.31194806098937988,
                0.16076499999999999,
                0.036718000000000001,
                280608,
                282168,
                1626745963.5072401,
                6709144579464595
            ],
            "child_modules": {},
            "Compiled": "Yes",
            "nMops": 460,
            "end_perf": [
                0.31297492980957031,
                0.16178600000000001,
                0.036724,
                280608,
                282168,
                6709144583796928,
                42949672961,
                0
            ],
            "Compiled Times": 29,
            "nRouts": 24
        },
        "DP_RAM_0000": {
            "nQuads": 95,
            "start_perf": [
                0.31300592422485352,
                0.16181100000000001,
                0.036729999999999999,
                280608,
                282168,
                1626745963.5082979,
                6709144583900870
            ],
            "child_modules": {},
            "Compiled": "Yes",
            "nMops": 233,
            "end_perf": [
                0.31382989883422852,
                0.162635,
                0.036729999999999999,
                280608,
                282168,
                6709144587380268,
                47244640257,
                0
            ],
            "Compiled Times": 29,
            "nRouts": 18
        },
        "RS_dec_tb": {
            "nQuads": 9132,
            "start_perf": [
                0.25949692726135254,
                0.113217,
                0.031820000000000001,
                280608,
                282168,
                1626745963.4547889,
                6709144359163222
            ],
            "child_modules": {
                "input_syndromes": 1,
                "GF_matrix_ascending_binary": 4,
                "DP_RAM_0000": 2,
                "out_stage": 1,
                "transport_in2out": 1,
                "GF_matrix_dec": 4
            },
            "Compiled": "Yes",
            "nMops": 31755,
            "end_perf": [
                0.29768490791320801,
                0.147566,
                0.035652999999999997,
                280608,
                282168,
                6709144519614272,
                12884901889,
                0
            ],
            "Compiled Times": 29,
            "nRouts": 528
        },
        "input_syndromes": {
            "nQuads": 1701,
            "start_perf": [
                0.30550098419189453,
                0.15518799999999999,
                0.035847999999999998,
                280608,
                282168,
                1626745963.500793,
                6709144552379250
            ],
            "child_modules": {
                "GF_matrix_ascending_binary": 1,
                "GF_mult_add_syndromes": 2
            },
            "Compiled": "Yes",
            "nMops": 6992,
            "end_perf": [
                0.31191611289978027,
                0.16073899999999999,
                0.036712000000000002,
                280608,
                282168,
                6709144579351497,
                34359738369,
                0
            ],
            "Compiled Times": 29,
            "nRouts": 91
        },