{
    "CompUnits": {
        "Kr4JE_d": {
            "bytes": 82466,
            "out": "Kr4JE_d.o",
            "mod": "i2c_master_top",
            "text": 40430,
            "mode": 4,
            "checksum": 0,
            "archive": "archive.20299/_17149_archive_1.a"
        }
    },
    "Modules": {
        "...MASTER...": {
            "start_perf": [
                0.22181797027587891,
                0.075412999999999994,
                0.031752000000000002,
                268104,
                280660,
                1626822616.8580129,
                7031091893089002
            ],
            "nMops": 0,
            "child_modules": {
                "tst_bench_top": 1,
                "std": 1
            },
            "nQuads": 0,
            "end_perf": [
                0.22658014297485352,
                0.076188000000000006,
                0.033640999999999997,
                269584,
                280660,
                7031091913108348,
                0,
                0
            ],
            "nRouts": 5
        },
        "std": {
            "start_perf": [
                0.2266690731048584,
                0.076249999999999998,
                0.033667999999999997,
                269584,
                280660,
                1626822616.862864,
                7031091913457711
            ],
            "child_modules": {},
            "Compiled Times": 20167,
            "nMops": 462,
            "nQuads": 213,
            "Compiled": "Yes",
            "end_perf": [
                0.22937417030334473,
                0.077740000000000004,
                0.034882999999999997,
                269588,
                280660,
                7031091924835993,
                8589934594,
                0
            ],
            "svclass": [
                "$vcs_nba_dyn_obj",
                0,
                37,
                2,
                2,
                0,
                "sigprop$$",
                0,
                37,
                2,
                2,
                0,
                "process",
                0,
                184,
                8,
                8,
                0,
                "event",
                0,
                36,
                2,
                2,
                0,
                "mailbox",
                0,
                99,
                9,
                9,
                0,
                "semaphore",
                0,
                69,
                5,
                5,
                0
            ],
            "nRouts": 33
        },
        "tst_bench_top": {
            "start_perf": [
                0.22941899299621582,
                0.077771000000000007,
                0.034896999999999997,
                269588,
                280660,
                1626822616.8656139,
                7031091925006602
            ],
            "nMops": 4158,
            "Compiled Times": 20167,
            "child_modules": {
                "i2c_master_top": 2
            },
            "nQuads": 1819,
            "end_perf": [
                0.25034904479980469,
                0.097706000000000001,
                0.035892,
                272356,
                280660,
                7031092012965300,
                12884901889,
                0
            ],
            "Compiled": "Yes",
            "nRouts": 232
        },
        "i2c_master_top": {
            "start_perf": [
                0.2503969669342041,
                0.097741999999999996,
                0.035904999999999999,
                272356,
                280660,
                1626822616.8865919,
                7031092013113975
            ],
            "child_modules": {},
            "Compiled Times": 20167,
            "nMops": 5645,
            "nQuads": 2127,
            "Compiled": "Yes",
            "end_perf": [
                0.28453612327575684,
                0.131832,
                0.035954,
                276212,
                280660,
                7031092156564179,
                21474836481,
                0
            ],
            "significant_routs": [
                [
                    146,
                    "R_VCSgd_Kr4JE_92",
                    8884309,
                    3691,
                    346
                ],
                [
                    157,
                    "R_VCSgd_Kr4JE_9d",
                    8729851,
                    4814,
                    382
                ]
            ],
            "nRouts": 202
        }
    },
    "ObjArchives": [
        {
            "archive": "archive.20299/_17149_archive_1.a",
            "objects": [
                [
                    "Kr4JE_d.o",
                    82466
                ],
                [
                    "amcQwB.o",
                    74804
                ]
            ],
            "size": 157270
        }
    ],
    "reusePaths": {
        "amcQw_d": {
            "icPath": "csrc"
        },
        "sf4HQ_d": {
            "icPath": "csrc"
        },
        "reYIK_d": {
            "icPath": "csrc"
        }
    },
    "stat": {
        "ru_self_end": {
            "ru_majflt": 0,
            "ru_utime_sec": 0.13347300000000001,
            "ru_stime_sec": 0.037850000000000002,
            "ru_maxrss_kb": 78700,
            "ru_nivcsw": 2,
            "ru_minflt": 29943,
            "ru_nvcsw": 42
        },
        "ru_childs_end": {
            "ru_majflt": 0,
            "ru_utime_sec": 0.010290000000000001,
            "ru_stime_sec": 0.010496999999999999,
            "ru_maxrss_kb": 18352,
            "ru_nivcsw": 8,
            "ru_minflt": 6905,
            "ru_nvcsw": 18
        },
        "peak_mem_kb": 280660,
        "cpu_cycles_end": 7031092171266870
    }
}