{
    "Modules": {
        "...MASTER...": {
            "child_modules": {
                "tb": 1,
                "std": 1
            },
            "start_perf": [
                0.17694902420043945,
                0.037156000000000002,
                0.024715999999999998,
                267416,
                279684,
                1626742866.8181801,
                6696138351687623
            ],
            "end_perf": [
                0.18086099624633789,
                0.037156000000000002,
                0.026653,
                268900,
                279684,
                6696138368139055,
                0,
                0
            ],
            "nMops": 0,
            "nQuads": 0,
            "nRouts": 5
        },
        "tb": {
            "child_modules": {},
            "start_perf": [
                0.18283605575561523,
                0.038635000000000003,
                0.027149,
                269056,
                279684,
                1626742866.8240671,
                6696138376406499
            ],
            "nMops": 497,
            "nQuads": 264,
            "Compiled Times": 669,
            "Compiled": "Yes",
            "end_perf": [
                0.19472384452819824,
                0.050521000000000003,
                0.027149,
                274248,
                279684,
                6696138426384705,
                12884901889,
                0
            ],
            "nRouts": 36
        },
        "std": {
            "start_perf": [
                0.18093204498291016,
                0.037156000000000002,
                0.026724000000000001,
                268900,
                279684,
                1626742866.8221631,
                6696138368414604
            ],
            "child_modules": {},
            "Compiled": "Yes",
            "nQuads": 213,
            "nMops": 462,
            "Compiled Times": 669,
            "end_perf": [
                0.1828010082244873,
                0.038614999999999997,
                0.027133999999999998,
                269056,
                279684,
                6696138376278788,
                8589934594,
                0
            ],
            "svclass": [
                "$vcs_nba_dyn_obj",
                0,
                37,
                2,
                2,
                0,
                "sigprop$$",
                0,
                37,
                2,
                2,
                0,
                "process",
                0,
                184,
                8,
                8,
                0,
                "event",
                0,
                36,
                2,
                2,
                0,
                "mailbox",
                0,
                99,
                9,
                9,
                0,
                "semaphore",
                0,
                69,
                5,
                5,
                0
            ],
            "nRouts": 33
        }
    },
    "CompUnits": {
        "g7hgQ_d": {
            "mod": "tb",
            "archive": "archive.668/_2884_archive_1.a",
            "out": "g7hgQ_d.o",
            "checksum": 0,
            "text": 4659,
            "bytes": 20792,
            "mode": 4
        }
    },
    "reusePaths": {
        "amcQw_d": {
            "icPath": "csrc"
        },
        "reYIK_d": {
            "icPath": "csrc"
        }
    },
    "ObjArchives": [
        {
            "archive": "archive.668/_2884_archive_1.a",
            "objects": [
                [
                    "g7hgQ_d.o",
                    20792
                ],
                [
                    "amcQwB.o",
                    66764
                ]
            ],
            "size": 87556
        }
    ],
    "stat": {
        "peak_mem_kb": 279684,
        "ru_self_end": {
            "ru_utime_sec": 0.051866000000000002,
            "ru_majflt": 0,
            "ru_stime_sec": 0.028007000000000001,
            "ru_nvcsw": 42,
            "ru_maxrss_kb": 80268,
            "ru_minflt": 26497,
            "ru_nivcsw": 6
        },
        "ru_childs_end": {
            "ru_utime_sec": 0.011571,
            "ru_majflt": 0,
            "ru_stime_sec": 0.0090329999999999994,
            "ru_nvcsw": 18,
            "ru_maxrss_kb": 24084,
            "ru_minflt": 6908,
            "ru_nivcsw": 8
        },
        "cpu_cycles_end": 6696138435524364
    }
}