{
    "Modules": {
        "...MASTER...": {
            "start_perf": [
                0.19347000122070312,
                0.037573000000000002,
                0.025707000000000001,
                267440,
                279680,
                1626747302.738209,
                6714769407245942
            ],
            "child_modules": {
                "std": 1,
                "fsm_full_tb": 1
            },
            "end_perf": [
                0.19742989540100098,
                0.038516000000000002,
                0.026665000000000001,
                268924,
                279680,
                6714769423896938,
                0,
                0
            ],
            "nQuads": 0,
            "nMops": 0,
            "nRouts": 5
        },
        "std": {
            "start_perf": [
                0.19749808311462402,
                0.038556,
                0.026693000000000001,
                268924,
                279680,
                1626747302.7422371,
                6714769424161858
            ],
            "child_modules": {},
            "svclass": [
                "$vcs_nba_dyn_obj",
                0,
                37,
                2,
                2,
                0,
                "sigprop$$",
                0,
                37,
                2,
                2,
                0,
                "process",
                0,
                184,
                8,
                8,
                0,
                "event",
                0,
                36,
                2,
                2,
                0,
                "mailbox",
                0,
                99,
                9,
                9,
                0,
                "semaphore",
                0,
                69,
                5,
                5,
                0
            ],
            "nQuads": 213,
            "Compiled": "Yes",
            "Compiled Times": 4039,
            "end_perf": [
                0.19937896728515625,
                0.040434999999999999,
                0.026693000000000001,
                268924,
                279680,
                6714769432081252,
                8589934594,
                0
            ],
            "nMops": 462,
            "nRouts": 33
        },
        "fsm_full_tb": {
            "start_perf": [
                0.19941592216491699,
                0.040472000000000001,
                0.026693000000000001,
                268924,
                279680,
                1626747302.7441549,
                6714769432215447
            ],
            "child_modules": {},
            "nQuads": 948,
            "Compiled": "Yes",
            "Compiled Times": 4039,
            "end_perf": [
                0.20583200454711914,
                0.045739000000000002,
                0.027841000000000001,
                272000,
                279680,
                6714769459181740,
                12884901889,
                0
            ],
            "nMops": 1624,
            "nRouts": 57
        }
    },
    "stat": {
        "ru_self_end": {
            "ru_utime_sec": 0.047848000000000002,
            "ru_minflt": 25829,
            "ru_stime_sec": 0.027910999999999998,
            "ru_maxrss_kb": 77212,
            "ru_majflt": 0,
            "ru_nvcsw": 41,
            "ru_nivcsw": 7
        },
        "ru_childs_end": {
            "ru_utime_sec": 0.012924,
            "ru_minflt": 6908,
            "ru_stime_sec": 0.0073990000000000002,
            "ru_maxrss_kb": 24036,
            "ru_majflt": 0,
            "ru_nvcsw": 18,
            "ru_nivcsw": 8
        },
        "peak_mem_kb": 279680,
        "cpu_cycles_end": 6714769468244998
    },
    "CompUnits": {
        "Cz6Uj_d": {
            "mod": "fsm_full_tb",
            "out": "Cz6Uj_d.o",
            "checksum": 0,
            "bytes": 25446,
            "mode": 4,
            "text": 7450,
            "archive": "archive.4038/_12827_archive_1.a"
        }
    },
    "reusePaths": {
        "amcQw_d": {
            "icPath": "csrc"
        },
        "reYIK_d": {
            "icPath": "csrc"
        }
    },
    "ObjArchives": [
        {
            "archive": "archive.4038/_12827_archive_1.a",
            "objects": [
                [
                    "Cz6Uj_d.o",
                    25446
                ],
                [
                    "amcQwB.o",
                    67218
                ]
            ],
            "size": 92664
        }
    ]
}