{
    "reusePaths": {
        "amcQw_d": {
            "icPath": "csrc"
        },
        "reYIK_d": {
            "icPath": "csrc"
        }
    },
    "Modules": {
        "...MASTER...": {
            "nRouts": 5,
            "end_perf": [
                1.066493034362793,
                0.057640999999999998,
                0.030452,
                268828,
                279584,
                6771584304070744,
                0,
                0
            ],
            "start_perf": [
                1.0419750213623047,
                0.056182000000000003,
                0.029170999999999999,
                267520,
                279584,
                1626760829.9340401,
                6771584201087583
            ],
            "nMops": 0,
            "child_modules": {
                "tb_4to1_mux": 1,
                "std": 1
            },
            "nQuads": 0
        },
        "std": {
            "nRouts": 33,
            "end_perf": [
                1.0692670345306396,
                0.060384,
                0.030483,
                268984,
                279584,
                6771584315717326,
                8589934594,
                0
            ],
            "start_perf": [
                1.0665838718414307,
                0.057701000000000002,
                0.030483,
                268828,
                279584,
                1626760829.9586489,
                6771584304418924
            ],
            "child_modules": {},
            "svclass": [
                "$vcs_nba_dyn_obj",
                0,
                37,
                2,
                2,
                0,
                "sigprop$$",
                0,
                37,
                2,
                2,
                0,
                "process",
                0,
                184,
                8,
                8,
                0,
                "event",
                0,
                36,
                2,
                2,
                0,
                "mailbox",
                0,
                99,
                9,
                9,
                0,
                "semaphore",
                0,
                69,
                5,
                5,
                0
            ],
            "nMops": 462,
            "Compiled Times": 64,
            "Compiled": "Yes",
            "nQuads": 213
        }
    },
    "CompUnits": {},
    "ObjArchives": [],
    "stat": {
        "ru_self_end": {
            "ru_majflt": 0,
            "ru_utime_sec": 0.062380999999999999,
            "ru_stime_sec": 0.031189999999999999,
            "ru_maxrss_kb": 69148,
            "ru_minflt": 27215,
            "ru_nvcsw": 38,
            "ru_nivcsw": 10
        },
        "ru_childs_end": {
            "ru_majflt": 0,
            "ru_utime_sec": 0.018873999999999998,
            "ru_stime_sec": 0.009972,
            "ru_maxrss_kb": 17328,
            "ru_minflt": 6906,
            "ru_nvcsw": 18,
            "ru_nivcsw": 11
        },
        "peak_mem_kb": 279584,
        "cpu_cycles_end": 6771584327300946
    }
}