{
    "stat": {
        "ru_self_end": {
            "ru_nvcsw": 37,
            "ru_utime_sec": 0.056085000000000003,
            "ru_stime_sec": 0.037037,
            "ru_maxrss_kb": 69284,
            "ru_minflt": 27239,
            "ru_majflt": 0,
            "ru_nivcsw": 14
        },
        "peak_mem_kb": 279584,
        "cpu_cycles_end": 6952441439954821,
        "ru_childs_end": {
            "ru_nvcsw": 15,
            "ru_utime_sec": 0.012491,
            "ru_stime_sec": 0.015602,
            "ru_maxrss_kb": 17336,
            "ru_minflt": 6908,
            "ru_majflt": 0,
            "ru_nivcsw": 8
        }
    },
    "Modules": {
        "...MASTER...": {
            "child_modules": {
                "tb_4to1_mux": 1,
                "std": 1
            },
            "start_perf": [
                0.71438694000244141,
                0.049582000000000001,
                0.033999000000000001,
                267520,
                279584,
                1626803890.6802599,
                6952441155521993
            ],
            "nMops": 0,
            "end_perf": [
                0.74020695686340332,
                0.049942,
                0.036128,
                268828,
                279584,
                6952441264003469,
                0,
                0
            ],
            "nQuads": 0,
            "nRouts": 5
        },
        "std": {
            "start_perf": [
                0.7402958869934082,
                0.049993999999999997,
                0.036165999999999997,
                268828,
                279584,
                1626803890.7061689,
                6952441264341438
            ],
            "child_modules": {},
            "Compiled": "Yes",
            "Compiled Times": 8,
            "svclass": [
                "$vcs_nba_dyn_obj",
                0,
                37,
                2,
                2,
                0,
                "sigprop$$",
                0,
                37,
                2,
                2,
                0,
                "process",
                0,
                184,
                8,
                8,
                0,
                "event",
                0,
                36,
                2,
                2,
                0,
                "mailbox",
                0,
                99,
                9,
                9,
                0,
                "semaphore",
                0,
                69,
                5,
                5,
                0
            ],
            "nMops": 462,
            "end_perf": [
                0.74303102493286133,
                0.052728999999999998,
                0.036165999999999997,
                268984,
                279584,
                6952441275852218,
                8589934594,
                0
            ],
            "nQuads": 213,
            "nRouts": 33
        }
    },
    "reusePaths": {
        "amcQw_d": {
            "icPath": "csrc"
        },
        "reYIK_d": {
            "icPath": "csrc"
        }
    },
    "CompUnits": {},
    "ObjArchives": []
}