{
    "Modules": {
        "...MASTER...": {
            "start_perf": [
                0.18694019317626953,
                0.036414000000000002,
                0.030509000000000001,
                267520,
                279588,
                1627857083.5417731,
                2228315066521169
            ],
            "child_modules": {
                "tb_4to1_mux": 1,
                "std": 1
            },
            "end_perf": [
                0.19160318374633789,
                0.038077,
                0.031243,
                268828,
                279588,
                2228315086138261,
                0,
                0
            ],
            "nQuads": 0,
            "nMops": 0,
            "nRouts": 5
        },
        "std": {
            "start_perf": [
                0.1916961669921875,
                0.038128000000000002,
                0.031285,
                268828,
                279588,
                1627857083.5465291,
                2228315086492945
            ],
            "child_modules": {},
            "Compiled": "Yes",
            "Compiled Times": 29467,
            "end_perf": [
                0.19437217712402344,
                0.039940999999999997,
                0.032148000000000003,
                268984,
                279588,
                2228315097751951,
                8589934594,
                0
            ],
            "svclass": [
                "$vcs_nba_dyn_obj",
                0,
                37,
                2,
                2,
                0,
                "sigprop$$",
                0,
                37,
                2,
                2,
                0,
                "process",
                0,
                184,
                8,
                8,
                0,
                "event",
                0,
                36,
                2,
                2,
                0,
                "mailbox",
                0,
                99,
                9,
                9,
                0,
                "semaphore",
                0,
                69,
                5,
                5,
                0
            ],
            "nQuads": 213,
            "nMops": 462,
            "nRouts": 33
        },
        "tb_4to1_mux": {
            "start_perf": [
                0.19442009925842285,
                0.039967999999999997,
                0.032169000000000003,
                268984,
                279588,
                1627857083.549253,
                2228315097928952
            ],
            "Compiled": "Yes",
            "child_modules": {},
            "end_perf": [
                0.19684100151062012,
                0.042183999999999999,
                0.032374,
                269240,
                279588,
                2228315108132400,
                12884901889,
                0
            ],
            "Compiled Times": 29467,
            "nQuads": 233,
            "nMops": 552,
            "nRouts": 31
        }
    },
    "CompUnits": {},
    "reusePaths": {
        "amcQw_d": {
            "icPath": "csrc"
        },
        "reYIK_d": {
            "icPath": "csrc"
        },
        "e8fGZ_d": {
            "icPath": "csrc"
        }
    },
    "stat": {
        "ru_childs_end": {
            "ru_nvcsw": 18,
            "ru_utime_sec": 0.010983,
            "ru_stime_sec": 0.012926999999999999,
            "ru_maxrss_kb": 24080,
            "ru_minflt": 6909,
            "ru_majflt": 0,
            "ru_nivcsw": 8
        },
        "ru_self_end": {
            "ru_nvcsw": 41,
            "ru_utime_sec": 0.043150000000000001,
            "ru_stime_sec": 0.035304000000000002,
            "ru_maxrss_kb": 76504,
            "ru_minflt": 25871,
            "ru_majflt": 0,
            "ru_nivcsw": 4
        },
        "cpu_cycles_end": 2228315124371581,
        "peak_mem_kb": 279588
    },
    "ObjArchives": [
        {
            "objects": [
                [
                    "amcQwB.o",
                    67030
                ]
            ],
            "archive": "archive.29835/_6968_archive_1.a",
            "size": 67030
        }
    ]
}