{
    "Modules": {
        "first_counter_tb": {
            "nQuads": 554,
            "end_perf": [
                0.19804000854492188,
                0.044852000000000003,
                0.028542000000000001,
                271816,
                279656,
                6114006484681043,
                12884901889,
                0
            ],
            "start_perf": [
                0.19161391258239746,
                0.039149999999999997,
                0.027817000000000001,
                268888,
                279656,
                1628782238.665839,
                6114006457650253
            ],
            "child_modules": {},
            "Compiled": "Yes",
            "Compiled Times": 76430,
            "nMops": 1122,
            "nRouts": 52
        },
        "...MASTER...": {
            "nQuads": 0,
            "end_perf": [
                0.18929195404052734,
                0.037966,
                0.026679000000000001,
                268888,
                279656,
                6114006447941331,
                0,
                0
            ],
            "start_perf": [
                0.18506598472595215,
                0.036332999999999997,
                0.026241,
                267420,
                279656,
                1628782238.659291,
                6114006430150769
            ],
            "child_modules": {
                "std": 1,
                "first_counter_tb": 1
            },
            "nMops": 0,
            "nRouts": 5
        },
        "std": {
            "end_perf": [
                0.19157505035400391,
                0.039127000000000002,
                0.027800999999999999,
                268888,
                279656,
                6114006457505524,
                8589934594,
                0
            ],
            "nQuads": 213,
            "start_perf": [
                0.18937397003173828,
                0.038015,
                0.026713000000000001,
                268888,
                279656,
                1628782238.663599,
                6114006448255092
            ],
            "child_modules": {},
            "Compiled": "Yes",
            "Compiled Times": 76430,
            "svclass": [
                "$vcs_nba_dyn_obj",
                0,
                37,
                2,
                2,
                0,
                "sigprop$$",
                0,
                37,
                2,
                2,
                0,
                "process",
                0,
                184,
                8,
                8,
                0,
                "event",
                0,
                36,
                2,
                2,
                0,
                "mailbox",
                0,
                99,
                9,
                9,
                0,
                "semaphore",
                0,
                69,
                5,
                5,
                0
            ],
            "nMops": 462,
            "nRouts": 33
        }
    },
    "CompUnits": {
        "yT6qN_d": {
            "archive": "archive.76429/_18815_archive_1.a",
            "out": "yT6qN_d.o",
            "mod": "first_counter_tb",
            "mode": 4,
            "bytes": 22660,
            "text": 5166,
            "checksum": 0
        }
    },
    "reusePaths": {
        "amcQw_d": {
            "icPath": "csrc"
        },
        "reYIK_d": {
            "icPath": "csrc"
        }
    },
    "ObjArchives": [
        {
            "archive": "archive.76429/_18815_archive_1.a",
            "objects": [
                [
                    "yT6qN_d.o",
                    22660
                ],
                [
                    "amcQwB.o",
                    67544
                ]
            ],
            "size": 90204
        }
    ],
    "stat": {
        "ru_self_end": {
            "ru_majflt": 0,
            "ru_utime_sec": 0.046128000000000002,
            "ru_stime_sec": 0.029725999999999999,
            "ru_maxrss_kb": 77728,
            "ru_minflt": 25861,
            "ru_nivcsw": 7,
            "ru_nvcsw": 39
        },
        "peak_mem_kb": 279656,
        "ru_childs_end": {
            "ru_majflt": 0,
            "ru_utime_sec": 0.012408000000000001,
            "ru_stime_sec": 0.010370000000000001,
            "ru_maxrss_kb": 24104,
            "ru_minflt": 6901,
            "ru_nivcsw": 8,
            "ru_nvcsw": 18
        },
        "cpu_cycles_end": 6114006494910734
    }
}