{
    "ObjArchives": [
        {
            "archive": "archive.15400/_7418_archive_1.a",
            "objects": [
                [
                    "cVZpg_d.o",
                    22378
                ],
                [
                    "amcQwB.o",
                    67480
                ]
            ],
            "size": 89858
        }
    ],
    "Modules": {
        "...MASTER...": {
            "nMops": 0,
            "nQuads": 0,
            "child_modules": {
                "std": 1,
                "Test_decoder_3to8": 1
            },
            "start_perf": [
                0.17937016487121582,
                0.040398999999999997,
                0.018644999999999998,
                267412,
                279652,
                1627884801.6711941,
                2344732400921927
            ],
            "end_perf": [
                0.18316411972045898,
                0.041292000000000002,
                0.019613999999999999,
                268880,
                279652,
                2344732416878052,
                0,
                0
            ],
            "nRouts": 5
        },
        "std": {
            "start_perf": [
                0.18322515487670898,
                0.041334000000000003,
                0.019633000000000001,
                268880,
                279652,
                1627884801.6750491,
                2344732417113554
            ],
            "child_modules": {},
            "nMops": 462,
            "nQuads": 213,
            "Compiled": "Yes",
            "Compiled Times": 15370,
            "end_perf": [
                0.18505001068115234,
                0.042908000000000002,
                0.019883999999999999,
                268880,
                279652,
                2344732424793172,
                8589934594,
                0
            ],
            "svclass": [
                "$vcs_nba_dyn_obj",
                0,
                37,
                2,
                2,
                0,
                "sigprop$$",
                0,
                37,
                2,
                2,
                0,
                "process",
                0,
                184,
                8,
                8,
                0,
                "event",
                0,
                36,
                2,
                2,
                0,
                "mailbox",
                0,
                99,
                9,
                9,
                0,
                "semaphore",
                0,
                69,
                5,
                5,
                0
            ],
            "nRouts": 33
        },
        "Test_decoder_3to8": {
            "nMops": 849,
            "nQuads": 291,
            "child_modules": {},
            "start_perf": [
                0.18508505821228027,
                0.042931999999999998,
                0.019894999999999999,
                268880,
                279652,
                1627884801.676909,
                2344732424923579
            ],
            "Compiled": "Yes",
            "Compiled Times": 15370,
            "end_perf": [
                0.19059514999389648,
                0.046593000000000002,
                0.021742999999999998,
                271888,
                279652,
                2344732448088124,
                12884901889,
                0
            ],
            "nRouts": 32
        }
    },
    "CompUnits": {
        "cVZpg_d": {
            "checksum": 0,
            "mod": "Test_decoder_3to8",
            "out": "cVZpg_d.o",
            "bytes": 22378,
            "text": 6130,
            "mode": 4,
            "archive": "archive.15400/_7418_archive_1.a"
        }
    },
    "reusePaths": {
        "amcQw_d": {
            "icPath": "csrc"
        },
        "reYIK_d": {
            "icPath": "csrc"
        }
    },
    "stat": {
        "ru_childs_end": {
            "ru_maxrss_kb": 24016,
            "ru_stime_sec": 0.012632000000000001,
            "ru_utime_sec": 0.0073759999999999997,
            "ru_minflt": 6912,
            "ru_majflt": 0,
            "ru_nvcsw": 18,
            "ru_nivcsw": 8
        },
        "ru_self_end": {
            "ru_maxrss_kb": 77220,
            "ru_stime_sec": 0.021773000000000001,
            "ru_utime_sec": 0.048730000000000002,
            "ru_minflt": 25710,
            "ru_majflt": 0,
            "ru_nvcsw": 42,
            "ru_nivcsw": 3
        },
        "cpu_cycles_end": 2344732457093169,
        "peak_mem_kb": 279652
    }
}